measure_id,measure_name,location_id,location_name,sex_id,sex_name,age_id,age_name,cause_id,cause_name,metric_id,metric_name,year,val,upper,lower
1,Deaths,83,Iceland,3,Both,22,All Ages,298,HIV/AIDS,3,Rate,1990,0.7745277178232094,0.8162976010567485,0.7361790271919624
1,Deaths,81,Germany,3,Both,22,All Ages,298,HIV/AIDS,3,Rate,1991,2.4754879000999312,2.5349725339125344,2.4196681497318875
1,Deaths,83,Iceland,3,Both,22,All Ages,298,HIV/AIDS,3,Rate,1992,1.0606895099419238,1.1163672560211646,1.0087132594812789
1,Deaths,81,Germany,3,Both,22,All Ages,298,HIV/AIDS,3,Rate,1992,2.6562483380611726,2.7133367696034343,2.596125163722607
1,Deaths,160,Afghanistan,3,Both,22,All Ages,298,HIV/AIDS,3,Rate,1991,0.32448887608976024,1.209040857205154,0.014105045807659238
1,Deaths,123,Peru,3,Both,22,All Ages,298,HIV/AIDS,3,Rate,1990,2.3041276926012895,2.6032270521349252,2.058090912118746
1,Deaths,123,Peru,3,Both,22,All Ages,298,HIV/AIDS,3,Rate,1991,2.6012506508964863,2.8616242468242676,2.382057729813192
1,Deaths,160,Afghanistan,3,Both,22,All Ages,298,HIV/AIDS,3,Rate,1990,0.3003974274240464,1.1720224956951009,0.011607873283264314
1,Deaths,83,Iceland,3,Both,22,All Ages,298,HIV/AIDS,3,Rate,1991,0.9188891605807874,0.9703584926195836,0.8698189953625916
1,Deaths,160,Afghanistan,3,Both,22,All Ages,298,HIV/AIDS,3,Rate,1992,0.3326674944517733,1.2329761701245276,0.016020996630296838
1,Deaths,81,Germany,3,Both,22,All Ages,298,HIV/AIDS,3,Rate,1990,2.1014805487800805,2.1478555558407604,2.051557704037002
1,Deaths,123,Peru,3,Both,22,All Ages,298,HIV/AIDS,3,Rate,1992,2.8784177871585057,3.1224633111885383,2.657478727895778
1,Deaths,81,Germany,3,Both,22,All Ages,298,HIV/AIDS,3,Rate,1995,2.777591668354147,2.8381435974579388,2.7168294186055433
1,Deaths,123,Peru,3,Both,22,All Ages,298,HIV/AIDS,3,Rate,1993,3.1616353114203464,3.418804775222992,2.9238944476340167
1,Deaths,81,Germany,3,Both,22,All Ages,298,HIV/AIDS,3,Rate,1993,2.9990959122062804,3.067925959816243,2.9293600198225467
1,Deaths,123,Peru,3,Both,22,All Ages,298,HIV/AIDS,3,Rate,1994,3.471880297386252,3.7118677974768954,3.238057809994246
1,Deaths,160,Afghanistan,3,Both,22,All Ages,298,HIV/AIDS,3,Rate,1993,0.34925757521127127,1.3089262084371447,0.017881072723796472
1,Deaths,123,Peru,3,Both,22,All Ages,298,HIV/AIDS,3,Rate,1995,3.8407108785396193,4.05969909186776,3.6183309008460194
1,Deaths,81,Germany,3,Both,22,All Ages,298,HIV/AIDS,3,Rate,1994,3.0747310098744474,3.1472199705289983,3.007940605179064
1,Deaths,83,Iceland,3,Both,22,All Ages,298,HIV/AIDS,3,Rate,1993,1.2146598400717539,1.2793025642930742,1.1543334980944004
1,Deaths,83,Iceland,3,Both,22,All Ages,298,HIV/AIDS,3,Rate,1995,1.3885517874718263,1.4578015245026101,1.3250458166546857
1,Deaths,83,Iceland,3,Both,22,All Ages,298,HIV/AIDS,3,Rate,1994,1.3247822150061697,1.393270632546039,1.2604323201227166
1,Deaths,83,Iceland,3,Both,22,All Ages,298,HIV/AIDS,3,Rate,1996,1.2188038369722418,1.2841967151936473,1.162796449075146
1,Deaths,160,Afghanistan,3,Both,22,All Ages,298,HIV/AIDS,3,Rate,1996,0.4290208140331589,1.6998104062761161,0.026046948384065738
1,Deaths,123,Peru,3,Both,22,All Ages,298,HIV/AIDS,3,Rate,1996,4.282700881369508,4.508596617516961,4.027695617648298
1,Deaths,160,Afghanistan,3,Both,22,All Ages,298,HIV/AIDS,3,Rate,1994,0.3785983810855084,1.3940045165513795,0.020681409514167873
1,Deaths,83,Iceland,3,Both,22,All Ages,298,HIV/AIDS,3,Rate,1997,0.7339388685597975,0.769865447126514,0.6976554596559139
1,Deaths,123,Peru,3,Both,22,All Ages,298,HIV/AIDS,3,Rate,1997,4.806552298194736,5.094370016172518,4.419295798717581
1,Deaths,81,Germany,3,Both,22,All Ages,298,HIV/AIDS,3,Rate,1999,0.9009157075244829,0.9240375293917421,0.8767800771327595
1,Deaths,81,Germany,3,Both,22,All Ages,298,HIV/AIDS,3,Rate,1998,0.9286296174803282,0.9536565279460402,0.9051413564153034
1,Deaths,81,Germany,3,Both,22,All Ages,298,HIV/AIDS,3,Rate,1996,2.1927268663631754,2.246946335375957,2.140691940048868
1,Deaths,160,Afghanistan,3,Both,22,All Ages,298,HIV/AIDS,3,Rate,1995,0.40595555864208605,1.5515843744048228,0.023415672017024613
1,Deaths,160,Afghanistan,3,Both,22,All Ages,298,HIV/AIDS,3,Rate,1998,0.4627260111202453,1.8680775086075077,0.031080874453012337
1,Deaths,81,Germany,3,Both,22,All Ages,298,HIV/AIDS,3,Rate,1997,1.2416365641976481,1.2734926791460122,1.2121665443102916
1,Deaths,123,Peru,3,Both,22,All Ages,298,HIV/AIDS,3,Rate,2000,6.80212550158699,7.402907683749462,5.785522664068494
1,Deaths,83,Iceland,3,Both,22,All Ages,298,HIV/AIDS,3,Rate,1998,0.5831503347534227,0.6135710938075654,0.5552665763323171
1,Deaths,160,Afghanistan,3,Both,22,All Ages,298,HIV/AIDS,3,Rate,1997,0.44665134825590813,1.8425843876507586,0.02863247805192399
1,Deaths,83,Iceland,3,Both,22,All Ages,298,HIV/AIDS,3,Rate,1999,0.5734840627681896,0.6010086184778614,0.5441667446033434
1,Deaths,160,Afghanistan,3,Both,22,All Ages,298,HIV/AIDS,3,Rate,1999,0.4812849547325654,1.991410388056315,0.03381110803636829
1,Deaths,123,Peru,3,Both,22,All Ages,298,HIV/AIDS,3,Rate,1998,5.414911251645356,5.8054501182026845,4.8649017818577835
1,Deaths,81,Germany,3,Both,22,All Ages,298,HIV/AIDS,3,Rate,2000,0.8534174463145917,0.8755868892804566,0.8307134901024262
1,Deaths,123,Peru,3,Both,22,All Ages,298,HIV/AIDS,3,Rate,1999,6.098620343680666,6.5868403931151205,5.338847446476529
1,Deaths,83,Iceland,3,Both,22,All Ages,298,HIV/AIDS,3,Rate,2000,0.5363869372384367,0.565551447695522,0.5102863075168883
1,Deaths,123,Peru,3,Both,22,All Ages,298,HIV/AIDS,3,Rate,2001,7.498823135585939,8.213656907677855,6.244619171258713
1,Deaths,81,Germany,3,Both,22,All Ages,298,HIV/AIDS,3,Rate,2001,0.8008972830660094,0.8221856836031001,0.7807339384854665
1,Deaths,160,Afghanistan,3,Both,22,All Ages,298,HIV/AIDS,3,Rate,2000,0.5008298753182278,2.204837123163102,0.036371889763425265
1,Deaths,123,Peru,3,Both,22,All Ages,298,HIV/AIDS,3,Rate,2002,8.129578540350225,8.961496155114604,6.6621263947368
1,Deaths,160,Afghanistan,3,Both,22,All Ages,298,HIV/AIDS,3,Rate,2001,0.5129548618945502,2.2627639104220587,0.038692186129343185
1,Deaths,83,Iceland,3,Both,22,All Ages,298,HIV/AIDS,3,Rate,2001,0.5142530573090843,0.5408458349519101,0.49024948795459516
1,Deaths,83,Iceland,3,Both,22,All Ages,298,HIV/AIDS,3,Rate,2002,0.4990415580619574,0.5245022449511682,0.47485959870462086
1,Deaths,83,Iceland,3,Both,22,All Ages,298,HIV/AIDS,3,Rate,2004,0.46965268085940315,0.49205226283125075,0.44797587256910376
1,Deaths,81,Germany,3,Both,22,All Ages,298,HIV/AIDS,3,Rate,2002,0.7804090866948447,0.8011401302201835,0.7601269345053732
1,Deaths,81,Germany,3,Both,22,All Ages,298,HIV/AIDS,3,Rate,2005,0.7223150234310824,0.7426772295015486,0.702819110503529
1,Deaths,160,Afghanistan,3,Both,22,All Ages,298,HIV/AIDS,3,Rate,2003,0.5224924085373379,2.2433360777382707,0.04119404778095256
1,Deaths,123,Peru,3,Both,22,All Ages,298,HIV/AIDS,3,Rate,2003,8.392827493999548,9.226076098498416,6.939953360220831
1,Deaths,81,Germany,3,Both,22,All Ages,298,HIV/AIDS,3,Rate,2003,0.7550676443957298,0.7757521320272268,0.7360194146528867
1,Deaths,160,Afghanistan,3,Both,22,All Ages,298,HIV/AIDS,3,Rate,2005,0.5425870203099179,2.2790596528630087,0.04395041765479186
1,Deaths,83,Iceland,3,Both,22,All Ages,298,HIV/AIDS,3,Rate,2003,0.48333743739649454,0.5070434876602219,0.4603072060292212
1,Deaths,83,Iceland,3,Both,22,All Ages,298,HIV/AIDS,3,Rate,2005,0.43981542393055684,0.4605923315199762,0.41955210626733624
1,Deaths,123,Peru,3,Both,22,All Ages,298,HIV/AIDS,3,Rate,2004,8.409288821330602,9.281593563293983,7.111225723725642
1,Deaths,81,Germany,3,Both,22,All Ages,298,HIV/AIDS,3,Rate,2006,0.7275257412982943,0.7477794935488942,0.7080383367432014
1,Deaths,160,Afghanistan,3,Both,22,All Ages,298,HIV/AIDS,3,Rate,2002,0.5149990112434285,2.2696279816196823,0.040632235029140235
1,Deaths,81,Germany,3,Both,22,All Ages,298,HIV/AIDS,3,Rate,2004,0.7406325886370152,0.7610713785537246,0.7203845925280384
1,Deaths,83,Iceland,3,Both,22,All Ages,298,HIV/AIDS,3,Rate,2006,0.4180905053316136,0.4396227830135557,0.3967855027632672
1,Deaths,81,Germany,3,Both,22,All Ages,298,HIV/AIDS,3,Rate,2007,0.6858612030092801,0.7042820354261788,0.6673633697823589
1,Deaths,123,Peru,3,Both,22,All Ages,298,HIV/AIDS,3,Rate,2007,8.50873442851478,9.650598461358163,7.228276762522353
1,Deaths,160,Afghanistan,3,Both,22,All Ages,298,HIV/AIDS,3,Rate,2006,0.5612207927829327,2.3370137741844914,0.04443238588104843
1,Deaths,123,Peru,3,Both,22,All Ages,298,HIV/AIDS,3,Rate,2005,8.774083282040113,9.765100258171918,7.3190391788772695
1,Deaths,123,Peru,3,Both,22,All Ages,298,HIV/AIDS,3,Rate,2008,7.8720934501971,9.225409857078938,6.490524480221783
1,Deaths,81,Germany,3,Both,22,All Ages,298,HIV/AIDS,3,Rate,2008,0.684693236386549,0.7040753923696375,0.6653615099643383
1,Deaths,160,Afghanistan,3,Both,22,All Ages,298,HIV/AIDS,3,Rate,2007,0.5774346646119602,2.3871493539812727,0.04496592550846759
1,Deaths,83,Iceland,3,Both,22,All Ages,298,HIV/AIDS,3,Rate,2007,0.42213156344014924,0.44267903782120854,0.4023878655029864
1,Deaths,160,Afghanistan,3,Both,22,All Ages,298,HIV/AIDS,3,Rate,2004,0.53324588639834,2.2886472015365618,0.04283036636238904
1,Deaths,123,Peru,3,Both,22,All Ages,298,HIV/AIDS,3,Rate,2009,7.5877687890897585,9.192618947787476,6.181160565412925
1,Deaths,160,Afghanistan,3,Both,22,All Ages,298,HIV/AIDS,3,Rate,2008,0.5912045399595599,2.383141884926574,0.0449883616941886
1,Deaths,83,Iceland,3,Both,22,All Ages,298,HIV/AIDS,3,Rate,2008,0.39486854088941287,0.41498312499433193,0.3752751167407015
1,Deaths,123,Peru,3,Both,22,All Ages,298,HIV/AIDS,3,Rate,2006,8.932398685710922,10.000897124126526,7.399157660344526
1,Deaths,83,Iceland,3,Both,22,All Ages,298,HIV/AIDS,3,Rate,2010,0.3595525667430152,0.3777005047335313,0.34180858482988297
1,Deaths,160,Afghanistan,3,Both,22,All Ages,298,HIV/AIDS,3,Rate,2009,0.6076255495582518,2.3783359057251654,0.045490577946028635
1,Deaths,83,Iceland,3,Both,22,All Ages,298,HIV/AIDS,3,Rate,2009,0.36861231520147764,0.3883909195940979,0.3516021291442827
1,Deaths,83,Iceland,3,Both,22,All Ages,298,HIV/AIDS,3,Rate,2011,0.34390768396818167,0.36155587800757416,0.3277668301129873
1,Deaths,123,Peru,3,Both,22,All Ages,298,HIV/AIDS,3,Rate,2010,7.0974876749420135,8.72944742653738,5.879601320297982
1,Deaths,81,Germany,3,Both,22,All Ages,298,HIV/AIDS,3,Rate,2009,0.6699589777629614,0.6885812944880131,0.6518946525212402
1,Deaths,81,Germany,3,Both,22,All Ages,298,HIV/AIDS,3,Rate,2011,0.6944291161941956,0.7130188726959875,0.676635813820286
1,Deaths,81,Germany,3,Both,22,All Ages,298,HIV/AIDS,3,Rate,2012,0.6375528924091249,0.6550892732583146,0.6210062663530376
1,Deaths,81,Germany,3,Both,22,All Ages,298,HIV/AIDS,3,Rate,2010,0.6757972096429437,0.6942409102823653,0.6575693538291395
1,Deaths,160,Afghanistan,3,Both,22,All Ages,298,HIV/AIDS,3,Rate,2012,0.6182498314984454,2.426551896590424,0.023101971830631552
1,Deaths,123,Peru,3,Both,22,All Ages,298,HIV/AIDS,3,Rate,2011,6.457748127593496,8.10904087157133,5.339674654548673
1,Deaths,160,Afghanistan,3,Both,22,All Ages,298,HIV/AIDS,3,Rate,2010,0.616805877220268,2.4265351509648725,0.042075434050308586
1,Deaths,81,Germany,3,Both,22,All Ages,298,HIV/AIDS,3,Rate,2013,0.6252296890171402,0.6440602391200604,0.607786293803015
1,Deaths,83,Iceland,3,Both,22,All Ages,298,HIV/AIDS,3,Rate,2012,0.3334395220889406,0.35105004095824105,0.3165209605752594
1,Deaths,83,Iceland,3,Both,22,All Ages,298,HIV/AIDS,3,Rate,2013,0.3331808895870471,0.35018017352301095,0.31704008866144323
1,Deaths,123,Peru,3,Both,22,All Ages,298,HIV/AIDS,3,Rate,2012,6.766355625868831,8.314840610505986,5.754282150502483
1,Deaths,160,Afghanistan,3,Both,22,All Ages,298,HIV/AIDS,3,Rate,2013,0.6271246869534706,2.472544380970465,0.018530357567809578
1,Deaths,123,Peru,3,Both,22,All Ages,298,HIV/AIDS,3,Rate,2014,8.861341074042048,10.961116975683016,6.752584772851548
1,Deaths,160,Afghanistan,3,Both,22,All Ages,298,HIV/AIDS,3,Rate,2011,0.6186313096113288,2.501967285661368,0.031981107452794366
1,Deaths,123,Peru,3,Both,22,All Ages,298,HIV/AIDS,3,Rate,2015,9.336259658810835,11.827346234050346,6.868645172443927
1,Deaths,83,Iceland,3,Both,22,All Ages,298,HIV/AIDS,3,Rate,2015,0.33390628870118083,0.35152066183416114,0.31687277100554595
1,Deaths,160,Afghanistan,3,Both,22,All Ages,298,HIV/AIDS,3,Rate,2016,0.7224355601040193,3.095013249601775,0.014655097537991981
1,Deaths,83,Iceland,3,Both,22,All Ages,298,HIV/AIDS,3,Rate,2016,0.3298336061214867,0.34535828104553795,0.3153422795476335
1,Deaths,81,Germany,3,Both,22,All Ages,298,HIV/AIDS,3,Rate,2014,0.5983022963269825,0.617091471888366,0.5812008940932896
1,Deaths,81,Germany,3,Both,22,All Ages,298,HIV/AIDS,3,Rate,2015,0.616488177338548,0.6388348185978711,0.5966955394370853
1,Deaths,160,Afghanistan,3,Both,22,All Ages,298,HIV/AIDS,3,Rate,2014,0.6500428455557409,2.5774723313901595,0.01702533397091042
1,Deaths,123,Peru,3,Both,22,All Ages,298,HIV/AIDS,3,Rate,2016,9.379855205354838,12.273813243234,6.599763777130591
1,Deaths,123,Peru,3,Both,22,All Ages,298,HIV/AIDS,3,Rate,2013,7.810157486202229,9.480015678358203,6.31566939547209
1,Deaths,160,Afghanistan,3,Both,22,All Ages,298,HIV/AIDS,3,Rate,2015,0.6855153860733839,2.8603398637614355,0.015217505401177115
1,Deaths,83,Iceland,3,Both,22,All Ages,298,HIV/AIDS,3,Rate,2014,0.30780627618926554,0.3222008456826316,0.2935350607069367
1,Deaths,81,Germany,3,Both,22,All Ages,298,HIV/AIDS,3,Rate,2016,0.5589498173281804,0.5798768092476577,0.5381115311201466
1,Deaths,83,Iceland,3,Both,22,All Ages,298,HIV/AIDS,3,Rate,2017,0.26338073842191434,0.2793188516195986,0.24759760472574063
1,Deaths,81,Germany,3,Both,22,All Ages,298,HIV/AIDS,3,Rate,2018,0.5153016848204067,0.5371525774304119,0.4934472147645992
1,Deaths,83,Iceland,3,Both,22,All Ages,298,HIV/AIDS,3,Rate,2018,0.2596671834252922,0.27296503394268157,0.245507797569927
1,Deaths,160,Afghanistan,3,Both,22,All Ages,298,HIV/AIDS,3,Rate,2019,0.8299437065683287,3.927012725186193,0.013877061413937509
1,Deaths,83,Iceland,3,Both,22,All Ages,298,HIV/AIDS,3,Rate,2019,0.2564088479035336,0.2709991697620907,0.24258877271743032
1,Deaths,123,Peru,3,Both,22,All Ages,298,HIV/AIDS,3,Rate,2017,8.811360098500614,12.219195043896566,5.484561047127878
1,Deaths,81,Germany,3,Both,22,All Ages,298,HIV/AIDS,3,Rate,2019,0.4961581069186233,0.5210934153033379,0.47360870471524513
1,Deaths,123,Peru,3,Both,22,All Ages,298,HIV/AIDS,3,Rate,2019,7.062872404673743,11.488193676954605,4.099099650165613
1,Deaths,160,Afghanistan,3,Both,22,All Ages,298,HIV/AIDS,3,Rate,2018,0.784999449890492,3.5628256277985852,0.013684140935694082
1,Deaths,160,Afghanistan,3,Both,22,All Ages,298,HIV/AIDS,3,Rate,2017,0.7587424202032673,3.3505989411858437,0.014131551274064277
1,Deaths,81,Germany,3,Both,22,All Ages,298,HIV/AIDS,3,Rate,2017,0.5358525346445733,0.5596408281056752,0.5127084812850768
1,Deaths,123,Peru,3,Both,22,All Ages,298,HIV/AIDS,3,Rate,2018,7.992256628089893,12.092744831069263,4.499122419227079
6,Incidence,81,Germany,3,Both,22,All Ages,298,HIV/AIDS,3,Rate,1990,3.7360586409523813,4.6130577622603814,3.077909365752812
6,Incidence,81,Germany,3,Both,22,All Ages,298,HIV/AIDS,3,Rate,1991,3.6893355573774183,4.625917417272629,2.9981963313417888
6,Incidence,160,Afghanistan,3,Both,22,All Ages,298,HIV/AIDS,3,Rate,1990,0.7677268392289387,3.063503065433483,0.04439967426204735
6,Incidence,83,Iceland,3,Both,22,All Ages,298,HIV/AIDS,3,Rate,1991,2.9235601992597537,3.7635849809499655,2.1417675979229203
6,Incidence,160,Afghanistan,3,Both,22,All Ages,298,HIV/AIDS,3,Rate,1991,0.8244420302181314,3.638220338420346,0.05361198651778193
6,Incidence,160,Afghanistan,3,Both,22,All Ages,298,HIV/AIDS,3,Rate,1992,0.8246904499252993,3.377866277536415,0.059985486084579855
6,Incidence,123,Peru,3,Both,22,All Ages,298,HIV/AIDS,3,Rate,1991,6.964827090888079,8.589830429913873,5.347272002365932
6,Incidence,123,Peru,3,Both,22,All Ages,298,HIV/AIDS,3,Rate,1992,8.505183506941158,10.507361192105247,6.499362271522926
6,Incidence,83,Iceland,3,Both,22,All Ages,298,HIV/AIDS,3,Rate,1992,2.6908013154435886,3.4621335259971695,1.9817107058296957
6,Incidence,123,Peru,3,Both,22,All Ages,298,HIV/AIDS,3,Rate,1990,5.978237683229453,7.461970277921304,4.596090807406705
6,Incidence,81,Germany,3,Both,22,All Ages,298,HIV/AIDS,3,Rate,1993,3.491681333193666,4.481782759789678,2.7879599758002187
6,Incidence,160,Afghanistan,3,Both,22,All Ages,298,HIV/AIDS,3,Rate,1993,0.7961397000782137,3.249138390772268,0.06131220564951626
6,Incidence,83,Iceland,3,Both,22,All Ages,298,HIV/AIDS,3,Rate,1990,3.139462481627967,4.110095114436569,2.3314749561638535
6,Incidence,81,Germany,3,Both,22,All Ages,298,HIV/AIDS,3,Rate,1992,3.6310984804767283,4.603413541262652,2.9188697419761174
6,Incidence,83,Iceland,3,Both,22,All Ages,298,HIV/AIDS,3,Rate,1994,2.172050480164193,2.8643559664042675,1.598595510971289
6,Incidence,123,Peru,3,Both,22,All Ages,298,HIV/AIDS,3,Rate,1993,10.314973186789224,12.51754521205416,7.922929674693174
6,Incidence,83,Iceland,3,Both,22,All Ages,298,HIV/AIDS,3,Rate,1993,2.4269167169712715,3.1505096361436027,1.7761265563520012
6,Incidence,123,Peru,3,Both,22,All Ages,298,HIV/AIDS,3,Rate,1994,12.067254262480292,14.401014130452705,9.392928811744925
6,Incidence,81,Germany,3,Both,22,All Ages,298,HIV/AIDS,3,Rate,1994,3.7844209801897573,4.954830486502922,2.9583510714445804
6,Incidence,160,Afghanistan,3,Both,22,All Ages,298,HIV/AIDS,3,Rate,1994,0.795184183776366,3.3003337903852077,0.06644888953528816
6,Incidence,81,Germany,3,Both,22,All Ages,298,HIV/AIDS,3,Rate,1996,3.5085752574096114,4.68798045201902,2.6796713189422707
6,Incidence,160,Afghanistan,3,Both,22,All Ages,298,HIV/AIDS,3,Rate,1996,0.8351287793384194,3.7275416389781846,0.06760834865172216
6,Incidence,160,Afghanistan,3,Both,22,All Ages,298,HIV/AIDS,3,Rate,1995,0.8207192309376221,3.6340638843528175,0.07054633289605428
6,Incidence,83,Iceland,3,Both,22,All Ages,298,HIV/AIDS,3,Rate,1995,1.9388266798867464,2.6671411010153827,1.4016162763069266
6,Incidence,81,Germany,3,Both,22,All Ages,298,HIV/AIDS,3,Rate,1995,3.8137344065872574,5.057135202832337,2.958894158246929
6,Incidence,83,Iceland,3,Both,22,All Ages,298,HIV/AIDS,3,Rate,1996,1.770412979914529,2.6130809159910053,1.2374340273113857
6,Incidence,123,Peru,3,Both,22,All Ages,298,HIV/AIDS,3,Rate,1996,14.527888482448583,16.85025631014918,11.93186450194332
6,Incidence,123,Peru,3,Both,22,All Ages,298,HIV/AIDS,3,Rate,1995,13.504199835835033,15.966661928089334,10.808437556742854
6,Incidence,83,Iceland,3,Both,22,All Ages,298,HIV/AIDS,3,Rate,1997,1.7360070294583236,2.5542676777834683,0.929894189739299
6,Incidence,160,Afghanistan,3,Both,22,All Ages,298,HIV/AIDS,3,Rate,1997,0.8509080793548494,3.789213946815837,0.07307981238794845
6,Incidence,123,Peru,3,Both,22,All Ages,298,HIV/AIDS,3,Rate,1997,15.165794569667318,17.57728885469538,12.809021819301773
6,Incidence,83,Iceland,3,Both,22,All Ages,298,HIV/AIDS,3,Rate,1998,1.6887823940959032,2.3519409956409874,0.905361149349291
6,Incidence,123,Peru,3,Both,22,All Ages,298,HIV/AIDS,3,Rate,1998,15.573887658811561,17.98248435681946,13.421321223576461
6,Incidence,81,Germany,3,Both,22,All Ages,298,HIV/AIDS,3,Rate,1997,3.73941464898391,5.041085713504484,2.8382708506399683
6,Incidence,81,Germany,3,Both,22,All Ages,298,HIV/AIDS,3,Rate,1998,3.3096871770328518,4.523626006334638,2.4833873736056646
6,Incidence,160,Afghanistan,3,Both,22,All Ages,298,HIV/AIDS,3,Rate,1998,0.8588836238375471,3.9288776859613286,0.07409657370533267
6,Incidence,83,Iceland,3,Both,22,All Ages,298,HIV/AIDS,3,Rate,2000,1.5806784995764938,2.3276735450547177,0.9254124595306146
6,Incidence,160,Afghanistan,3,Both,22,All Ages,298,HIV/AIDS,3,Rate,2000,0.9129286701477681,3.8792087333454512,0.07562602250100635
6,Incidence,123,Peru,3,Both,22,All Ages,298,HIV/AIDS,3,Rate,2000,15.800275789855512,18.09921074458313,13.629949010626913
6,Incidence,81,Germany,3,Both,22,All Ages,298,HIV/AIDS,3,Rate,2000,2.334597777268518,3.178071751084469,1.759754558232602
6,Incidence,81,Germany,3,Both,22,All Ages,298,HIV/AIDS,3,Rate,1999,2.6207032915000776,3.581469210029361,1.9588586623720983
6,Incidence,83,Iceland,3,Both,22,All Ages,298,HIV/AIDS,3,Rate,1999,1.623156974745726,2.3475224039907627,0.8911096717368417
6,Incidence,123,Peru,3,Both,22,All Ages,298,HIV/AIDS,3,Rate,1999,15.761401859245165,18.109183717816602,13.65791651037329
6,Incidence,160,Afghanistan,3,Both,22,All Ages,298,HIV/AIDS,3,Rate,1999,0.8789869128794396,3.8380657041009725,0.07480557390806333
6,Incidence,123,Peru,3,Both,22,All Ages,298,HIV/AIDS,3,Rate,2001,15.879824841710477,18.47179681599995,13.413834101879164
6,Incidence,83,Iceland,3,Both,22,All Ages,298,HIV/AIDS,3,Rate,2001,1.5435913879983456,2.2770977564540806,0.9677485658025964
6,Incidence,81,Germany,3,Both,22,All Ages,298,HIV/AIDS,3,Rate,2001,2.0864890530814004,2.844866412084659,1.577396303497902
6,Incidence,160,Afghanistan,3,Both,22,All Ages,298,HIV/AIDS,3,Rate,2002,0.9679109724852756,3.9369798871189796,0.07720424063525796
6,Incidence,160,Afghanistan,3,Both,22,All Ages,298,HIV/AIDS,3,Rate,2001,0.9511121616261796,3.871554447227129,0.07832567034104894
6,Incidence,123,Peru,3,Both,22,All Ages,298,HIV/AIDS,3,Rate,2002,15.9766541437406,18.73889754950403,13.022910674652513
6,Incidence,83,Iceland,3,Both,22,All Ages,298,HIV/AIDS,3,Rate,2002,1.7370901550535494,2.531684471518828,1.165776939054846
6,Incidence,81,Germany,3,Both,22,All Ages,298,HIV/AIDS,3,Rate,2002,2.288171439269687,3.1419770356842247,1.7180752959469696
6,Incidence,81,Germany,3,Both,22,All Ages,298,HIV/AIDS,3,Rate,2003,2.2982064344726685,3.188055169551839,1.706359821841674
6,Incidence,160,Afghanistan,3,Both,22,All Ages,298,HIV/AIDS,3,Rate,2003,0.97789972091576,3.7980050804079903,0.07964806906598193
6,Incidence,83,Iceland,3,Both,22,All Ages,298,HIV/AIDS,3,Rate,2003,1.3219990228797278,1.9356817208429888,0.9411928029454717
6,Incidence,123,Peru,3,Both,22,All Ages,298,HIV/AIDS,3,Rate,2003,16.49271907771377,19.655011668407592,13.17297086114106
6,Incidence,81,Germany,3,Both,22,All Ages,298,HIV/AIDS,3,Rate,2004,2.292730976054185,3.183525321405437,1.690814957677859
6,Incidence,123,Peru,3,Both,22,All Ages,298,HIV/AIDS,3,Rate,2004,16.845262891401404,20.231905986143797,12.914399255656193
6,Incidence,160,Afghanistan,3,Both,22,All Ages,298,HIV/AIDS,3,Rate,2004,0.9944313525472627,3.6761516545240833,0.08244441943526631
6,Incidence,83,Iceland,3,Both,22,All Ages,298,HIV/AIDS,3,Rate,2004,1.8322546758973504,2.64255288950874,1.3707176946535107
6,Incidence,123,Peru,3,Both,22,All Ages,298,HIV/AIDS,3,Rate,2005,16.31409407906328,19.695484972415088,11.796454816020686
6,Incidence,83,Iceland,3,Both,22,All Ages,298,HIV/AIDS,3,Rate,2005,2.9845822986172488,4.338921320731006,2.2802517304750327
6,Incidence,160,Afghanistan,3,Both,22,All Ages,298,HIV/AIDS,3,Rate,2005,1.0039805452122064,3.84160498433042,0.07947432650979779
6,Incidence,83,Iceland,3,Both,22,All Ages,298,HIV/AIDS,3,Rate,2006,2.704031303823893,3.9473510277813872,2.0916191052541455
6,Incidence,123,Peru,3,Both,22,All Ages,298,HIV/AIDS,3,Rate,2006,17.531121786654968,21.394744315407955,12.400867162349366
6,Incidence,81,Germany,3,Both,22,All Ages,298,HIV/AIDS,3,Rate,2005,2.6800297687463654,3.7601301927757462,1.9619581761349896
6,Incidence,81,Germany,3,Both,22,All Ages,298,HIV/AIDS,3,Rate,2006,2.6535880505328215,3.733741382491228,1.937402866912121
6,Incidence,160,Afghanistan,3,Both,22,All Ages,298,HIV/AIDS,3,Rate,2006,1.01443392596328,3.753687494787672,0.07747167650795989
6,Incidence,160,Afghanistan,3,Both,22,All Ages,298,HIV/AIDS,3,Rate,2007,1.04754429017322,3.924323365031907,0.07737918096819434
6,Incidence,81,Germany,3,Both,22,All Ages,298,HIV/AIDS,3,Rate,2007,2.848671063032573,4.006788106289125,2.0675710542127295
6,Incidence,123,Peru,3,Both,22,All Ages,298,HIV/AIDS,3,Rate,2007,18.326637483572622,22.421746882945598,13.1288547098996
6,Incidence,81,Germany,3,Both,22,All Ages,298,HIV/AIDS,3,Rate,2008,2.8086625140221853,3.9894753037356643,2.0285769962346225
6,Incidence,83,Iceland,3,Both,22,All Ages,298,HIV/AIDS,3,Rate,2008,1.3016887190232855,2.063511181997134,0.9749057576420012
6,Incidence,160,Afghanistan,3,Both,22,All Ages,298,HIV/AIDS,3,Rate,2008,1.0594666846338598,4.202816939035565,0.07772290414111364
6,Incidence,83,Iceland,3,Both,22,All Ages,298,HIV/AIDS,3,Rate,2007,2.252985216441507,3.349310371027934,1.7271536559558418
6,Incidence,123,Peru,3,Both,22,All Ages,298,HIV/AIDS,3,Rate,2008,19.774929715534974,24.310292165526214,14.500451814308162
6,Incidence,83,Iceland,3,Both,22,All Ages,298,HIV/AIDS,3,Rate,2009,1.3547959817966626,2.3745187173638707,1.0028017635843935
6,Incidence,123,Peru,3,Both,22,All Ages,298,HIV/AIDS,3,Rate,2009,19.561759150310717,24.501785389324755,14.537389593875503
6,Incidence,160,Afghanistan,3,Both,22,All Ages,298,HIV/AIDS,3,Rate,2010,1.0532026681586433,4.382785795960034,0.08366042271799094
6,Incidence,81,Germany,3,Both,22,All Ages,298,HIV/AIDS,3,Rate,2009,2.669215746456996,3.8383435227672305,1.9008976911863464
6,Incidence,81,Germany,3,Both,22,All Ages,298,HIV/AIDS,3,Rate,2010,2.567895651947289,3.7475067573472876,1.7961825711656147
6,Incidence,83,Iceland,3,Both,22,All Ages,298,HIV/AIDS,3,Rate,2010,1.5524085636313076,2.9540962698185296,1.113308054834235
6,Incidence,160,Afghanistan,3,Both,22,All Ages,298,HIV/AIDS,3,Rate,2009,1.0542922943907118,4.225240032830216,0.07529742575877632
6,Incidence,123,Peru,3,Both,22,All Ages,298,HIV/AIDS,3,Rate,2010,21.89506932057675,27.3433402364578,17.387319378914732
6,Incidence,81,Germany,3,Both,22,All Ages,298,HIV/AIDS,3,Rate,2011,2.489868244041895,3.7197804897680355,1.70838482676544
6,Incidence,83,Iceland,3,Both,22,All Ages,298,HIV/AIDS,3,Rate,2011,1.7801671390985334,3.4600425414201603,1.2356390804361874
6,Incidence,123,Peru,3,Both,22,All Ages,298,HIV/AIDS,3,Rate,2011,23.06062872500694,30.1453603360395,18.21295099505339
6,Incidence,83,Iceland,3,Both,22,All Ages,298,HIV/AIDS,3,Rate,2012,1.9391591321563442,3.754845045296582,1.313560518882972
6,Incidence,160,Afghanistan,3,Both,22,All Ages,298,HIV/AIDS,3,Rate,2011,1.111345640596401,4.794361154070049,0.08450200983545382
6,Incidence,160,Afghanistan,3,Both,22,All Ages,298,HIV/AIDS,3,Rate,2012,1.490168878717916,6.265615287299542,0.10240021318268902
6,Incidence,123,Peru,3,Both,22,All Ages,298,HIV/AIDS,3,Rate,2012,21.791917297930176,28.77205555933582,17.322645076519592
6,Incidence,81,Germany,3,Both,22,All Ages,298,HIV/AIDS,3,Rate,2012,2.4413850045906784,3.656920672696442,1.6643427743461439
6,Incidence,83,Iceland,3,Both,22,All Ages,298,HIV/AIDS,3,Rate,2013,2.065753172885671,3.833075387884753,1.3637785127706183
6,Incidence,81,Germany,3,Both,22,All Ages,298,HIV/AIDS,3,Rate,2013,2.452821276544908,3.6838026366669605,1.6383505660389701
6,Incidence,123,Peru,3,Both,22,All Ages,298,HIV/AIDS,3,Rate,2013,21.30808217439265,29.102455272555165,16.47390098726173
6,Incidence,81,Germany,3,Both,22,All Ages,298,HIV/AIDS,3,Rate,2014,2.4900624442131436,3.741485922465372,1.6439849066164747
6,Incidence,83,Iceland,3,Both,22,All Ages,298,HIV/AIDS,3,Rate,2014,2.2276093196445257,4.056619877361902,1.3703249560226511
6,Incidence,160,Afghanistan,3,Both,22,All Ages,298,HIV/AIDS,3,Rate,2014,1.8098652693941042,7.344267874580109,0.10731836652663318
6,Incidence,123,Peru,3,Both,22,All Ages,298,HIV/AIDS,3,Rate,2014,20.719916223035558,29.726622267544354,15.610415961769727
6,Incidence,160,Afghanistan,3,Both,22,All Ages,298,HIV/AIDS,3,Rate,2015,1.9939651328055035,7.872057612115101,0.10508639691087264
6,Incidence,160,Afghanistan,3,Both,22,All Ages,298,HIV/AIDS,3,Rate,2013,1.6471273168727703,6.793651605018924,0.1063748927724199
6,Incidence,123,Peru,3,Both,22,All Ages,298,HIV/AIDS,3,Rate,2015,19.585976879071364,28.860563490778063,14.416057573063679
6,Incidence,83,Iceland,3,Both,22,All Ages,298,HIV/AIDS,3,Rate,2015,2.244495959287142,3.9679832846027256,1.1941522765748098
6,Incidence,81,Germany,3,Both,22,All Ages,298,HIV/AIDS,3,Rate,2017,2.667058273801531,3.959882662269697,1.730237305201301
6,Incidence,160,Afghanistan,3,Both,22,All Ages,298,HIV/AIDS,3,Rate,2017,2.130802485428196,8.663298088398694,0.1031823853314403
6,Incidence,81,Germany,3,Both,22,All Ages,298,HIV/AIDS,3,Rate,2015,2.466825463566906,3.7102500284677045,1.628370235546911
6,Incidence,83,Iceland,3,Both,22,All Ages,298,HIV/AIDS,3,Rate,2016,2.2196692550075827,3.7935724516051463,1.3388448997275864
6,Incidence,83,Iceland,3,Both,22,All Ages,298,HIV/AIDS,3,Rate,2017,2.3325061871645363,3.738364238556962,1.446284257609332
6,Incidence,123,Peru,3,Both,22,All Ages,298,HIV/AIDS,3,Rate,2016,18.911677210662997,28.50245925396916,13.600853351622217
6,Incidence,160,Afghanistan,3,Both,22,All Ages,298,HIV/AIDS,3,Rate,2016,2.0683461447457017,8.274363315375833,0.10355462640889751
6,Incidence,81,Germany,3,Both,22,All Ages,298,HIV/AIDS,3,Rate,2016,2.560165845024408,3.8580723935910894,1.6853734409255903
6,Incidence,160,Afghanistan,3,Both,22,All Ages,298,HIV/AIDS,3,Rate,2018,2.187463451616034,8.667989001889342,0.10132325714334339
6,Incidence,123,Peru,3,Both,22,All Ages,298,HIV/AIDS,3,Rate,2017,18.723695843460685,28.815251458839356,13.320300519534175
6,Incidence,81,Germany,3,Both,22,All Ages,298,HIV/AIDS,3,Rate,2019,2.7225689268308457,4.071239618035404,1.7376764625633145
6,Incidence,160,Afghanistan,3,Both,22,All Ages,298,HIV/AIDS,3,Rate,2019,2.219741923792681,8.90111290593524,0.10148463364059035
6,Incidence,83,Iceland,3,Both,22,All Ages,298,HIV/AIDS,3,Rate,2019,2.5106401086720633,3.9642502384612457,1.5818740071615542
6,Incidence,123,Peru,3,Both,22,All Ages,298,HIV/AIDS,3,Rate,2019,18.144026487205796,28.434550203059924,12.946586115988861
6,Incidence,83,Iceland,3,Both,22,All Ages,298,HIV/AIDS,3,Rate,2018,2.5044691697211645,3.9524474346172167,1.5858849307663612
6,Incidence,81,Germany,3,Both,22,All Ages,298,HIV/AIDS,3,Rate,2018,2.7411039922841,4.0746711828053375,1.7589716756303349
6,Incidence,123,Peru,3,Both,22,All Ages,298,HIV/AIDS,3,Rate,2018,18.427970334142795,28.644077176938,13.058609079108212
5,Prevalence,83,Iceland,3,Both,22,All Ages,298,HIV/AIDS,3,Rate,1990,20.540084334633107,24.507314954737247,15.889054433854406
5,Prevalence,160,Afghanistan,3,Both,22,All Ages,298,HIV/AIDS,3,Rate,1991,3.9305783722956082,13.660939424795572,0.3439580061294671
5,Prevalence,81,Germany,3,Both,22,All Ages,298,HIV/AIDS,3,Rate,1991,57.765454380628256,73.79219421894688,42.02722215577675
5,Prevalence,160,Afghanistan,3,Both,22,All Ages,298,HIV/AIDS,3,Rate,1990,3.6638051908037577,12.28657766858043,0.303012510840376
5,Prevalence,83,Iceland,3,Both,22,All Ages,298,HIV/AIDS,3,Rate,1992,24.55615191149001,28.546034379112168,20.183226091144647
5,Prevalence,81,Germany,3,Both,22,All Ages,298,HIV/AIDS,3,Rate,1990,55.93633177054681,70.63258943595193,41.15698984134392
5,Prevalence,123,Peru,3,Both,22,All Ages,298,HIV/AIDS,3,Rate,1992,54.335198523794155,72.24945690247745,39.98316069025687
5,Prevalence,123,Peru,3,Both,22,All Ages,298,HIV/AIDS,3,Rate,1990,46.739257817504935,66.58037003633073,33.24834245627258
5,Prevalence,83,Iceland,3,Both,22,All Ages,298,HIV/AIDS,3,Rate,1991,22.71126634747965,26.709099998095372,18.266219390321208
5,Prevalence,81,Germany,3,Both,22,All Ages,298,HIV/AIDS,3,Rate,1992,59.40548443006628,76.82499188836655,42.92329537172425
5,Prevalence,123,Peru,3,Both,22,All Ages,298,HIV/AIDS,3,Rate,1991,50.09698243528358,69.04866708539146,36.3013209560928
5,Prevalence,160,Afghanistan,3,Both,22,All Ages,298,HIV/AIDS,3,Rate,1992,4.190587730763777,15.597991552964967,0.3846372110191616
5,Prevalence,123,Peru,3,Both,22,All Ages,298,HIV/AIDS,3,Rate,1994,66.29471527696882,85.36156070056018,49.64407291068033
5,Prevalence,81,Germany,3,Both,22,All Ages,298,HIV/AIDS,3,Rate,1993,60.70115444226301,78.81682268748538,43.2993775424935
5,Prevalence,123,Peru,3,Both,22,All Ages,298,HIV/AIDS,3,Rate,1993,59.74493900735249,78.01325411264953,44.429600430043536
5,Prevalence,81,Germany,3,Both,22,All Ages,298,HIV/AIDS,3,Rate,1994,61.82569917316397,80.72743063109952,43.58758551834268
5,Prevalence,83,Iceland,3,Both,22,All Ages,298,HIV/AIDS,3,Rate,1993,26.052354730451277,30.053788854968797,21.682213950184646
5,Prevalence,81,Germany,3,Both,22,All Ages,298,HIV/AIDS,3,Rate,1996,64.18344139147914,84.36564350246401,44.78440862477748
5,Prevalence,83,Iceland,3,Both,22,All Ages,298,HIV/AIDS,3,Rate,1994,27.211322635721015,31.42463884795569,22.69915502334094
5,Prevalence,81,Germany,3,Both,22,All Ages,298,HIV/AIDS,3,Rate,1995,62.94986211106162,82.66442607061109,44.031328848098084
5,Prevalence,123,Peru,3,Both,22,All Ages,298,HIV/AIDS,3,Rate,1995,73.66438200041874,93.197542775972,55.41389586846954
5,Prevalence,83,Iceland,3,Both,22,All Ages,298,HIV/AIDS,3,Rate,1996,28.600161187864103,33.22040781995562,23.766190209767927
5,Prevalence,160,Afghanistan,3,Both,22,All Ages,298,HIV/AIDS,3,Rate,1994,4.607575090333666,17.215415088480718,0.4666587268300879
5,Prevalence,160,Afghanistan,3,Both,22,All Ages,298,HIV/AIDS,3,Rate,1995,4.780787872602588,18.167814461432805,0.5038714132625971
5,Prevalence,83,Iceland,3,Both,22,All Ages,298,HIV/AIDS,3,Rate,1995,28.045960474101893,32.48159265567384,23.559969077638716
5,Prevalence,160,Afghanistan,3,Both,22,All Ages,298,HIV/AIDS,3,Rate,1996,4.938054733042027,19.3127309034268,0.5445163931832268
5,Prevalence,83,Iceland,3,Both,22,All Ages,298,HIV/AIDS,3,Rate,1997,29.021465195286822,34.05360915188036,24.036511483872083
5,Prevalence,123,Peru,3,Both,22,All Ages,298,HIV/AIDS,3,Rate,1998,96.78850944395774,120.73827075185538,74.19551605247715
5,Prevalence,160,Afghanistan,3,Both,22,All Ages,298,HIV/AIDS,3,Rate,1997,5.083476497918574,19.78130612284417,0.5694478070987721
5,Prevalence,123,Peru,3,Both,22,All Ages,298,HIV/AIDS,3,Rate,1996,81.45446928776022,102.47353096818708,61.42778418674911
5,Prevalence,160,Afghanistan,3,Both,22,All Ages,298,HIV/AIDS,3,Rate,1993,4.423052799961104,16.711548794026868,0.42758355691577443
5,Prevalence,123,Peru,3,Both,22,All Ages,298,HIV/AIDS,3,Rate,1997,89.31612924374659,112.21908983109965,67.9527892020284
5,Prevalence,160,Afghanistan,3,Both,22,All Ages,298,HIV/AIDS,3,Rate,1998,5.209938897379701,20.676454106555713,0.594240540518547
5,Prevalence,81,Germany,3,Both,22,All Ages,298,HIV/AIDS,3,Rate,1998,67.69551720368007,88.27508214216377,48.849648277841915
5,Prevalence,123,Peru,3,Both,22,All Ages,298,HIV/AIDS,3,Rate,1999,103.57660302082947,128.7297640598072,79.40467722595324
5,Prevalence,81,Germany,3,Both,22,All Ages,298,HIV/AIDS,3,Rate,1997,65.79057523723144,86.267348969887,46.84533755103743
5,Prevalence,81,Germany,3,Both,22,All Ages,298,HIV/AIDS,3,Rate,1999,69.26548804103457,90.08247195708995,50.06489212922183
5,Prevalence,81,Germany,3,Both,22,All Ages,298,HIV/AIDS,3,Rate,2000,70.5469247172899,91.6063884420364,50.749041755099775
5,Prevalence,123,Peru,3,Both,22,All Ages,298,HIV/AIDS,3,Rate,2000,109.51740581276675,136.45496630294818,84.1903472124108
5,Prevalence,83,Iceland,3,Both,22,All Ages,298,HIV/AIDS,3,Rate,1999,29.677465383648943,34.941832755958174,24.582581039403387
5,Prevalence,83,Iceland,3,Both,22,All Ages,298,HIV/AIDS,3,Rate,2001,31.020763090592858,36.50724576891046,26.04419209671811
5,Prevalence,123,Peru,3,Both,22,All Ages,298,HIV/AIDS,3,Rate,2001,114.41843512722487,143.38549023300044,87.61763887237167
5,Prevalence,81,Germany,3,Both,22,All Ages,298,HIV/AIDS,3,Rate,2001,71.69156874443385,93.17606289911012,51.32086829122615
5,Prevalence,83,Iceland,3,Both,22,All Ages,298,HIV/AIDS,3,Rate,1998,29.33621480328542,34.60231405390942,24.268318561018265
5,Prevalence,83,Iceland,3,Both,22,All Ages,298,HIV/AIDS,3,Rate,2000,30.224269182441464,35.568257237879834,25.172800868232727
5,Prevalence,83,Iceland,3,Both,22,All Ages,298,HIV/AIDS,3,Rate,2002,32.05192641906292,37.791749805611936,27.068543685685444
5,Prevalence,81,Germany,3,Both,22,All Ages,298,HIV/AIDS,3,Rate,2002,72.90008838029047,95.05080508560575,51.93257057977083
5,Prevalence,160,Afghanistan,3,Both,22,All Ages,298,HIV/AIDS,3,Rate,2000,5.45512944359521,21.627341684518797,0.6156686985899837
5,Prevalence,83,Iceland,3,Both,22,All Ages,298,HIV/AIDS,3,Rate,2003,32.93242016767801,38.834701222557484,27.810276235787878
5,Prevalence,160,Afghanistan,3,Both,22,All Ages,298,HIV/AIDS,3,Rate,1999,5.324185317783589,21.345393501490783,0.6088208376922974
5,Prevalence,160,Afghanistan,3,Both,22,All Ages,298,HIV/AIDS,3,Rate,2002,5.78793532961358,23.145936779533436,0.6404342012577974
5,Prevalence,160,Afghanistan,3,Both,22,All Ages,298,HIV/AIDS,3,Rate,2001,5.609874016673178,22.15031800027413,0.6261441220384125
5,Prevalence,81,Germany,3,Both,22,All Ages,298,HIV/AIDS,3,Rate,2003,74.20643648132703,96.93464069245061,53.193406528833094
5,Prevalence,123,Peru,3,Both,22,All Ages,298,HIV/AIDS,3,Rate,2003,122.1240825872818,155.42846083822442,90.35514576428453
5,Prevalence,160,Afghanistan,3,Both,22,All Ages,298,HIV/AIDS,3,Rate,2003,5.962648062468747,23.98549991499125,0.6510404761112003
5,Prevalence,123,Peru,3,Both,22,All Ages,298,HIV/AIDS,3,Rate,2004,126.45854771016944,161.92527247820865,91.89610623808035
5,Prevalence,123,Peru,3,Both,22,All Ages,298,HIV/AIDS,3,Rate,2002,118.42326484856017,148.54221229446043,89.74635669520458
5,Prevalence,81,Germany,3,Both,22,All Ages,298,HIV/AIDS,3,Rate,2004,75.45477342459546,98.46965975072628,54.176176158815274
5,Prevalence,123,Peru,3,Both,22,All Ages,298,HIV/AIDS,3,Rate,2006,136.55603917441167,172.86198907467153,97.96941119905068
5,Prevalence,81,Germany,3,Both,22,All Ages,298,HIV/AIDS,3,Rate,2005,76.92100612470914,100.22511578659271,55.22339874952254
5,Prevalence,81,Germany,3,Both,22,All Ages,298,HIV/AIDS,3,Rate,2006,78.56428314571157,102.20133156881532,56.427240503634216
5,Prevalence,123,Peru,3,Both,22,All Ages,298,HIV/AIDS,3,Rate,2005,131.37420375024087,167.5054206650278,94.65266958625608
5,Prevalence,83,Iceland,3,Both,22,All Ages,298,HIV/AIDS,3,Rate,2005,35.83098192010239,41.987386728281066,30.431768158499505
5,Prevalence,81,Germany,3,Both,22,All Ages,298,HIV/AIDS,3,Rate,2007,80.2525835902799,104.1810726915488,57.747427860184345
5,Prevalence,160,Afghanistan,3,Both,22,All Ages,298,HIV/AIDS,3,Rate,2005,6.306841917483669,25.183463345176467,0.677982844758806
5,Prevalence,123,Peru,3,Both,22,All Ages,298,HIV/AIDS,3,Rate,2007,142.90590276144061,180.323887407662,103.40549075062101
5,Prevalence,160,Afghanistan,3,Both,22,All Ages,298,HIV/AIDS,3,Rate,2004,6.134578727652044,24.61095051264667,0.669931791960596
5,Prevalence,83,Iceland,3,Both,22,All Ages,298,HIV/AIDS,3,Rate,2004,33.91082492534901,39.75590439537211,28.657188186405715
5,Prevalence,83,Iceland,3,Both,22,All Ages,298,HIV/AIDS,3,Rate,2006,38.30913851193385,44.660516128342934,32.39262866873834
5,Prevalence,160,Afghanistan,3,Both,22,All Ages,298,HIV/AIDS,3,Rate,2007,6.638472635776166,27.082907152917368,0.688688984298512
5,Prevalence,83,Iceland,3,Both,22,All Ages,298,HIV/AIDS,3,Rate,2007,40.424736947301426,47.04077515451648,34.255768880058426
5,Prevalence,81,Germany,3,Both,22,All Ages,298,HIV/AIDS,3,Rate,2008,81.94246650890906,105.97999174581327,59.07138985038157
5,Prevalence,160,Afghanistan,3,Both,22,All Ages,298,HIV/AIDS,3,Rate,2006,6.468048732344122,25.588055878736345,0.6801799970596288
5,Prevalence,83,Iceland,3,Both,22,All Ages,298,HIV/AIDS,3,Rate,2008,41.65260121571014,48.51486910538582,35.36417690276026
5,Prevalence,160,Afghanistan,3,Both,22,All Ages,298,HIV/AIDS,3,Rate,2008,6.811330799026145,26.613446569923845,0.6874524810373336
5,Prevalence,83,Iceland,3,Both,22,All Ages,298,HIV/AIDS,3,Rate,2009,42.17017768962427,49.270777267255795,35.81914960054923
5,Prevalence,160,Afghanistan,3,Both,22,All Ages,298,HIV/AIDS,3,Rate,2009,6.958503276654246,26.442125728176098,0.6862843209628839
5,Prevalence,81,Germany,3,Both,22,All Ages,298,HIV/AIDS,3,Rate,2009,83.47025547528563,107.74123072901835,60.185142208898654
5,Prevalence,123,Peru,3,Both,22,All Ages,298,HIV/AIDS,3,Rate,2009,159.67192971594,201.17637620476617,120.6116818668319
5,Prevalence,123,Peru,3,Both,22,All Ages,298,HIV/AIDS,3,Rate,2008,150.80232677624215,189.75459392202066,111.51100824839658
5,Prevalence,81,Germany,3,Both,22,All Ages,298,HIV/AIDS,3,Rate,2010,84.87088514078901,109.39426670806651,61.43766452042616
5,Prevalence,123,Peru,3,Both,22,All Ages,298,HIV/AIDS,3,Rate,2010,169.91371021758067,213.79938777825254,130.23697704205253
5,Prevalence,123,Peru,3,Both,22,All Ages,298,HIV/AIDS,3,Rate,2012,194.93520698703733,248.31839269054026,151.52960137373742
5,Prevalence,81,Germany,3,Both,22,All Ages,298,HIV/AIDS,3,Rate,2012,87.2318262401559,112.45523935763195,63.15282109175033
5,Prevalence,81,Germany,3,Both,22,All Ages,298,HIV/AIDS,3,Rate,2011,86.1072850565087,110.58641835031521,62.277585164189446
5,Prevalence,81,Germany,3,Both,22,All Ages,298,HIV/AIDS,3,Rate,2015,90.0653227603332,116.71267841883372,65.49060770170024
5,Prevalence,123,Peru,3,Both,22,All Ages,298,HIV/AIDS,3,Rate,2011,182.6861308890135,230.3349490793187,141.10378738479994
5,Prevalence,83,Iceland,3,Both,22,All Ages,298,HIV/AIDS,3,Rate,2013,45.446436003901404,55.79789396781157,38.309875634768375
5,Prevalence,81,Germany,3,Both,22,All Ages,298,HIV/AIDS,3,Rate,2013,88.25179037433654,113.86545050389122,64.03784037084905
5,Prevalence,160,Afghanistan,3,Both,22,All Ages,298,HIV/AIDS,3,Rate,2012,7.598528710772065,29.453756221598,0.7377908775165029
5,Prevalence,160,Afghanistan,3,Both,22,All Ages,298,HIV/AIDS,3,Rate,2011,7.230354755178919,26.754269803994276,0.6631467649043191
5,Prevalence,83,Iceland,3,Both,22,All Ages,298,HIV/AIDS,3,Rate,2015,48.61079837557588,61.435907821465925,40.47733957388117
5,Prevalence,160,Afghanistan,3,Both,22,All Ages,298,HIV/AIDS,3,Rate,2010,7.082759034918481,26.762251997068745,0.6739260050157442
5,Prevalence,160,Afghanistan,3,Both,22,All Ages,298,HIV/AIDS,3,Rate,2013,8.21275359410468,32.24527207252989,0.8043295675129853
5,Prevalence,81,Germany,3,Both,22,All Ages,298,HIV/AIDS,3,Rate,2014,89.1469685709507,115.0288933979026,64.7029559764876
5,Prevalence,123,Peru,3,Both,22,All Ages,298,HIV/AIDS,3,Rate,2013,205.08270034301185,263.63896615083974,159.5563070252333
5,Prevalence,83,Iceland,3,Both,22,All Ages,298,HIV/AIDS,3,Rate,2014,46.95086982269533,58.18453332284179,39.389494299727126
5,Prevalence,160,Afghanistan,3,Both,22,All Ages,298,HIV/AIDS,3,Rate,2014,8.933827370249459,34.694920231708466,0.888829126257515
5,Prevalence,83,Iceland,3,Both,22,All Ages,298,HIV/AIDS,3,Rate,2011,43.33040095550198,51.40244748224563,36.69792205580536
5,Prevalence,123,Peru,3,Both,22,All Ages,298,HIV/AIDS,3,Rate,2014,213.59676676706934,275.83300501513844,166.04704332756768
5,Prevalence,81,Germany,3,Both,22,All Ages,298,HIV/AIDS,3,Rate,2018,93.18082368165777,121.57103755497852,67.87712227573496
5,Prevalence,81,Germany,3,Both,22,All Ages,298,HIV/AIDS,3,Rate,2019,94.42322567633576,123.83995801311384,68.51978245714612
5,Prevalence,83,Iceland,3,Both,22,All Ages,298,HIV/AIDS,3,Rate,2010,42.63367571543337,49.85417048422514,36.141670807573014
5,Prevalence,160,Afghanistan,3,Both,22,All Ages,298,HIV/AIDS,3,Rate,2015,9.768822437970604,37.83897188635099,0.9651651760669098
5,Prevalence,81,Germany,3,Both,22,All Ages,298,HIV/AIDS,3,Rate,2017,92.00295448899202,119.27154156194689,66.92522425105187
5,Prevalence,160,Afghanistan,3,Both,22,All Ages,298,HIV/AIDS,3,Rate,2019,13.389841551587905,50.86597680857706,1.1896007138536895
5,Prevalence,83,Iceland,3,Both,22,All Ages,298,HIV/AIDS,3,Rate,2016,50.3964771613611,64.6439631538358,41.755101191583314
5,Prevalence,81,Germany,3,Both,22,All Ages,298,HIV/AIDS,3,Rate,2016,90.9738996289754,117.78030466620675,66.13324850623982
5,Prevalence,123,Peru,3,Both,22,All Ages,298,HIV/AIDS,3,Rate,2019,244.71704570570924,334.06592231209066,192.550769954377
5,Prevalence,83,Iceland,3,Both,22,All Ages,298,HIV/AIDS,3,Rate,2012,44.2603210179888,53.12239704599927,37.37769338505633
5,Prevalence,83,Iceland,3,Both,22,All Ages,298,HIV/AIDS,3,Rate,2018,54.09405703272651,70.8036490905728,44.70773679652406
5,Prevalence,83,Iceland,3,Both,22,All Ages,298,HIV/AIDS,3,Rate,2019,56.0784427047005,74.01577117665983,46.09650507940166
5,Prevalence,123,Peru,3,Both,22,All Ages,298,HIV/AIDS,3,Rate,2017,231.98198839074675,311.8067918416376,180.49484211734622
5,Prevalence,83,Iceland,3,Both,22,All Ages,298,HIV/AIDS,3,Rate,2017,52.20795191521521,67.64437668498752,43.30216670671237
5,Prevalence,160,Afghanistan,3,Both,22,All Ages,298,HIV/AIDS,3,Rate,2018,12.503268082801966,48.32241815259317,1.150749713065865
5,Prevalence,160,Afghanistan,3,Both,22,All Ages,298,HIV/AIDS,3,Rate,2016,10.675410733201922,40.40924580954444,1.0248017802398244
5,Prevalence,123,Peru,3,Both,22,All Ages,298,HIV/AIDS,3,Rate,2016,226.29351440911103,301.0577706467596,175.17975442519037
5,Prevalence,123,Peru,3,Both,22,All Ages,298,HIV/AIDS,3,Rate,2018,237.96747262183862,323.5711145293374,186.9881463092845
5,Prevalence,123,Peru,3,Both,22,All Ages,298,HIV/AIDS,3,Rate,2015,220.4611847746494,287.72846158245767,171.23207767137077
5,Prevalence,160,Afghanistan,3,Both,22,All Ages,298,HIV/AIDS,3,Rate,2017,11.58932546706307,43.734274143588834,1.1155255444890992
